ParkID,Park Code,Park Name,Acres,Latitude,Longitude,ParkImageURL,State
0,ACAD,Acadia National Park,47390,44.35,-68.21,https://upload.wikimedia.org/wikipedia/commons/7/76/Bass_Harbor_Lighthouse_b.jpg,ME
1,ARCH,Arches National Park,76519,38.68,-109.57,https://upload.wikimedia.org/wikipedia/commons/f/f0/Delicate_arch_sunset.jpg,UT
2,BADL,Badlands National Park,242756,43.75,-102.5,https://upload.wikimedia.org/wikipedia/commons/b/b9/MK00609_Badlands.jpg,SD
3,BIBE,Big Bend National Park,801163,29.25,-103.25,https://upload.wikimedia.org/wikipedia/commons/f/f6/Canyon%2C_Rio_Grande%2C_Texas.jpeg,TX
4,BISC,Biscayne National Park,172924,25.65,-80.08,https://upload.wikimedia.org/wikipedia/commons/4/48/Biscayne.JPG,FL
5,BLCA,Black Canyon of the Gunnison National Park,32950,38.57,-107.72,https://upload.wikimedia.org/wikipedia/commons/0/0b/Black_Canyon_and_Gunnison_River_2008.jpg,CO
6,BRCA,Bryce Canyon National Park,35835,37.57,-112.18,https://upload.wikimedia.org/wikipedia/commons/c/c3/Inspiration_Point_Bryce_Canyon_November_2018_panorama.jpg,UT
7,CANY,Canyonlands National Park,337598,38.2,-109.93,https://upload.wikimedia.org/wikipedia/commons/9/99/Green_River_Overlook_Ekker_Butte.jpg,UT
8,CARE,Capitol Reef National Park,241904,38.2,-111.17,https://upload.wikimedia.org/wikipedia/commons/1/1f/Capitol_Reef_National_Park.jpg,UT
9,CAVE,Carlsbad Caverns National Park,46766,32.17,-104.44,https://upload.wikimedia.org/wikipedia/commons/d/dd/Carlsbad_Interior_Formations.jpg,NM
10,CHIS,Channel Islands National Park,249561,34.01,-119.42,https://upload.wikimedia.org/wikipedia/commons/4/42/Channel_Islands_National_Park_by_Sentinel-2.jpg,CA
11,CONG,Congaree National Park,26546,33.78,-80.78,https://upload.wikimedia.org/wikipedia/commons/4/4f/A548%2C_Congaree_National_Park%2C_South_Carolina%2C_USA%2C_2012.jpg,SC
12,CRLA,Crater Lake National Park,183224,42.94,-122.1,https://upload.wikimedia.org/wikipedia/commons/8/8d/Above_Crater_Lake_%28cropped%29.jpg,OR
13,CUVA,Cuyahoga Valley National Park,32950,41.24,-81.55,https://upload.wikimedia.org/wikipedia/commons/1/13/Cuyahoga_Valley_National_Park.jpg,OH
14,DENA,Denali National Park and Preserve,3372402,63.33,-150.5,https://upload.wikimedia.org/wikipedia/commons/c/c6/Every_Road-_Denali_%287945497984%29.jpg,AK
15,DEVA,Death Valley National Park,4740912,36.24,-116.82,https://upload.wikimedia.org/wikipedia/commons/b/b2/Sand_Dunes_in_Death_Valley_National_Park.jpg,"CA, NV"
16,DRTO,Dry Tortugas National Park,64701,24.63,-82.87,https://upload.wikimedia.org/wikipedia/commons/5/5f/Fort-Jefferson_Dry-Tortugas.jpg,FL
17,EVER,Everglades National Park,1508538,25.32,-80.93,https://upload.wikimedia.org/wikipedia/commons/2/2a/Sunset_over_the_River_of_Grass%2C_NPSphoto%2C_G.Gardner_%289255157507%29.jpg,FL
18,GAAR,Gates Of The Arctic National Park and Preserve,7523898,67.78,-153.3,https://upload.wikimedia.org/wikipedia/commons/6/63/Oolah_Valley_%2816089307144%29.jpg,AK
19,GLAC,Glacier National Park,1013572,48.8,-114.0,https://upload.wikimedia.org/wikipedia/commons/5/51/Mountain_Goat_at_Hidden_Lake.jpg,MT
20,GLBA,Glacier Bay National Park and Preserve,3224840,58.5,-137.0,https://upload.wikimedia.org/wikipedia/commons/b/bf/A045%2C_Glacier_Bay_National_Park%2C_Alaska%2C_USA%2C_Johns_Hopkins_Glacier%2C_2002.jpg,AK
21,GRBA,Great Basin National Park,77180,38.98,-114.3,https://upload.wikimedia.org/wikipedia/commons/b/be/Prometheus_Wheeler.jpg,NV
22,GRCA,Grand Canyon National Park,1217403,36.06,-112.14,https://upload.wikimedia.org/wikipedia/commons/a/aa/Dawn_on_the_S_rim_of_the_Grand_Canyon_%288645178272%29.jpg,AZ
23,GRSA,Great Sand Dunes National Park and Preserve,42984,37.73,-105.51,https://upload.wikimedia.org/wikipedia/commons/4/48/Great_Sand_Dunes_National_Park_and_Preserve%2C_United_States_%28Unsplash%29.jpg,CO
24,GRSM,Great Smoky Mountains National Park,521490,35.68,-83.53,https://upload.wikimedia.org/wikipedia/commons/b/bc/View_atop_Cliff_Tops_on_Mount_LeConte%2C_GSMNP%2C_TN.jpg,"TN, NC"
25,GRTE,Grand Teton National Park,309995,43.73,-110.8,https://upload.wikimedia.org/wikipedia/commons/d/d0/Barns_grand_tetons.jpg,WY
26,GUMO,Guadalupe Mountains National Park,86416,31.92,-104.87,https://upload.wikimedia.org/wikipedia/commons/8/8f/Guadalupe_Peak_from_Hunter_Peak.jpg,TX
27,HALE,Haleakala National Park,29094,20.72,-156.17,https://upload.wikimedia.org/wikipedia/commons/6/6f/Haleakal%C4%81_2017%283%29.jpg,HI
28,HAVO,Hawaii Volcanoes National Park,323431,19.38,-155.2,https://upload.wikimedia.org/wikipedia/commons/8/89/P%C4%81hoehoe_and_Aa_flows_at_Hawaii.jpg,HI
29,HOSP,Hot Springs National Park,5550,34.51,-93.05,https://upload.wikimedia.org/wikipedia/commons/a/a1/Steamy_Entrance_Springs_on_Cold_Night_in_Hot_Springs_National_Park.jpg,AR
30,ISRO,Isle Royale National Park,571790,48.1,-88.55,https://upload.wikimedia.org/wikipedia/commons/6/67/Isle_Royale_shipwrecks_Lake_Superior.jpg,MI
31,JOTR,Joshua Tree National Park,789745,33.79,-115.9,https://upload.wikimedia.org/wikipedia/commons/f/f9/Joshua_Tree_-_Cyclops_%2B_Potato_Head_-_Sunrise.jpg,CA
32,KATM,Katmai National Park and Preserve,3674530,58.5,-155.0,https://upload.wikimedia.org/wikipedia/commons/1/1e/Katmai_Crater_1980.jpg,AK
33,KEFJ,Kenai Fjords National Park,669983,59.92,-149.65,https://upload.wikimedia.org/wikipedia/commons/c/cd/Kenai_Fjords_coast.jpg,AK
34,KOVA,Kobuk Valley National Park,1750717,67.55,-159.28,https://upload.wikimedia.org/wikipedia/commons/d/de/Kobuk_Bendlova_235.jpg,AK
35,LACL,Lake Clark National Park and Preserve,2619733,60.97,-153.42,https://upload.wikimedia.org/wikipedia/commons/a/ac/Lake_Clark_National_Park.jpg,AK
36,LAVO,Lassen Volcanic National Park,106372,40.49,-121.51,https://upload.wikimedia.org/wikipedia/commons/f/ff/Lassen_Peak_and_Lake_Helen.jpg,CA
37,MACA,Mammoth Cave National Park,52830,37.18,-86.1,https://upload.wikimedia.org/wikipedia/commons/b/b7/Lwt02830.jpg,KY
38,MEVE,Mesa Verde National Park,52122,37.18,-108.49,https://upload.wikimedia.org/wikipedia/commons/9/9f/Mesa_verde_north_2007.jpg,CO
39,MORA,Mount Rainier National Park,235625,46.85,-121.75,https://upload.wikimedia.org/wikipedia/commons/3/32/Mount_Rainier_from_above_Myrtle_Falls_in_August.JPG,WA
40,NOCA,North Cascades National Park,504781,48.7,-121.2,https://upload.wikimedia.org/wikipedia/commons/8/80/Cascade_Pass_and_Pelton_Basin.jpg,WA
41,OLYM,Olympic National Park,922651,47.97,-123.5,https://upload.wikimedia.org/wikipedia/commons/a/a8/Cedar_Creek_Abbey_Island_Ruby_Beach.jpg,WA
42,PEFO,Petrified Forest National Park,93533,35.07,-109.78,https://upload.wikimedia.org/wikipedia/commons/e/e8/The_PEFO_Tepees.jpg,AZ
43,PINN,Pinnacles National Park,26606,36.48,-121.16,https://upload.wikimedia.org/wikipedia/commons/4/44/Rock_formations_at_Pinnacles_National_Park.jpg,CA
44,REDW,Redwood National Park,112512,41.3,-124.0,https://upload.wikimedia.org/wikipedia/commons/d/de/Redwood_National_Park%2C_fog_in_the_forest.jpg,CA
45,ROMO,Rocky Mountain National Park,265828,40.4,-105.58,https://upload.wikimedia.org/wikipedia/commons/3/3e/Rocky_Mountain_National_Park_in_September_2011_-_Glacier_Gorge_from_Bear_Lake.JPG,CO
46,SAGU,Saguaro National Park,91440,32.25,-110.5,https://upload.wikimedia.org/wikipedia/commons/b/b4/Saguaro_Sunset.jpg,AZ
47,SEKI,Sequoia and Kings Canyon National Parks,865952,36.43,-118.68,https://upload.wikimedia.org/wikipedia/commons/f/f7/Rae_Lakes_Creek_%286064580766%29.jpg,CA
48,SHEN,Shenandoah National Park,199045,38.53,-78.35,https://upload.wikimedia.org/wikipedia/commons/1/10/Skyline_Drive_in_the_Fall_%2821852619608%29.jpg,VA
49,THRO,Theodore Roosevelt National Park,70447,46.97,-103.45,https://upload.wikimedia.org/wikipedia/commons/3/34/View_of_Theodore_Roosevelt_National_Park.jpg,ND
50,VOYA,Voyageurs National Park,218200,48.5,-92.88,https://upload.wikimedia.org/wikipedia/commons/b/bd/Voyageurs_National_Park.jpg,MN
51,WICA,Wind Cave National Park,28295,43.57,-103.48,https://upload.wikimedia.org/wikipedia/commons/0/01/Cave_Boxwork_often_call_cratework_when_this_large._WInd_Cave.JPG,SD
52,WRST,Wrangell - St Elias National Park and Preserve,8323148,61.0,-142.0,https://upload.wikimedia.org/wikipedia/commons/0/05/Mt_Saint_Elias.jpg,AK
53,YELL,Yellowstone National Park,2219791,44.6,-110.5,https://upload.wikimedia.org/wikipedia/commons/c/c9/YellowstonefallJUN05.JPG,"WY, MT, ID"
54,YOSE,Yosemite National Park,761266,37.83,-119.5,https://upload.wikimedia.org/wikipedia/commons/1/13/Tunnel_View%2C_Yosemite_Valley%2C_Yosemite_NP_-_Diliff.jpg,CA
55,ZION,Zion National Park,146598,37.3,-113.05,https://upload.wikimedia.org/wikipedia/commons/1/10/Zion_angels_landing_view.jpg,UT